State,Number to Generate,Type,Value
ak,21,Street Address,34709 GLACIER BAY CIR nan 99508
ak,21,Street Address,15881 S BIRCHWOOD LOOP RD nan 99567
ak,21,Street Address,17739 CHILKAT CT nan 99577
ak,21,Street Address,24628 HOMESTEAD RD nan 99567
ak,21,Street Address,160 OKLAHOMA ST nan 99504
ak,21,Street Address,11317 TERRACE HILLS DR nan 99577
ak,21,Street Address,6821 DICKERSON DR nan 99504
ak,21,Street Address,5308 TAKU DR nan 99508
ak,21,Street Address,227 NEWELL ST nan 99504
ak,21,Street Address,16113 MAMMOTH CT nan 99577
ak,21,Street Address,22611 GLACIER VIEW DR nan 99577
ak,21,Street Address,7629 MELODY COMMONS CT nan 99504
ak,21,Street Address,22750 HUNTERS DR nan 99567
ak,21,Street Address,21421 TARIKA AVE nan 99567
ak,21,Street Address,6741 DICKERSON DR nan 99504
ak,21,Street Address,25057 SIERRA MESA CIR nan 99567
ak,21,Street Address,7618 MELODY COMMONS CT nan 99504
ak,21,Street Address,20613 SCENIC DR nan 99567
ak,21,Street Address,15887 S BIRCHWOOD LOOP RD nan 99567
ak,21,Street Address,18330 AMONSON RD nan 99567
ak,21,Street Address,7205 WATERFALL DR nan 99577
